process_decay,operator,xsec_fb,LL_pol_frac,LT_pol_frac,TL_pol_frac,TT_pol_frac,acc_unpolarised,acc_LL,acc_LT,acc_TL,acc_TT
WZ_llqq,FM0,0.0337143760250364,0.3,41.033,58.339,0.245,10.963,6.707,9.4,12.454,9.067
WZ_llqq,FM1,0.013557619245252357,0.13,52.122,47.457,0.308,12.86,8.512,13.601,12.176,9.948
WZ_llqq,FM1odd,0.010579511114884591,0.199,99.62,0.001,0.178,9.408,12.25,9.409,7.45,7.162
WZ_llqq,FM2,0.010553780406886003,0.362,99.417,0.001,0.221,9.085,6.685,9.099,4.315,8.469
WZ_llqq,FM2odd,0.041518846193115334,87.809,5.512,5.553,1.117,15.087,15.938,9.599,11.885,14.485
WZ_llqq,FM3,0.004408467106510997,0.132,99.651,0.001,0.218,12.916,8.15,12.939,4.492,8.948
WZ_llqq,FM3odd,0.008462707482464594,46.854,32.517,19.905,0.723,12.938,12.863,12.703,13.624,11.001
WZ_llqq,FM4,0.04205660056890333,87.978,5.613,5.269,1.134,15.152,16.048,9.841,11.188,14.888
WZ_llqq,FM4odd,0.025312026377677214,56.15,28.0,15.111,0.728,14.53,16.222,13.951,11.135,12.83
WZ_llqq,FM5,0.023088839256612807,57.02,24.838,17.382,0.769,14.206,15.479,13.718,11.676,13.628
WZ_llqq,FM5odd,0.13355407676006106,0.153,42.065,57.561,0.215,11.285,13.742,9.708,12.818,8.075
WZ_llqq,FM6odd,0.07753845374017475,76.567,8.498,14.246,0.692,14.519,14.583,14.182,14.609,11.004
WZ_llqq,FM7,0.008256467009985773,48.0,25.282,26.249,0.489,13.909,14.782,13.846,12.682,10.521
WZ_llqq,FM8,0.00855695549527405,47.927,32.149,19.156,0.768,13.283,13.497,12.982,13.396,10.846
WZ_llqq,FM9,0.07811231610637506,20.216,23.62,55.367,0.795,13.432,12.67,15.947,12.876,11.695
WZ_llqq,FS0,0.001969137229477161,99.782,0.118,0.096,0.005,17.612,17.635,11.165,11.517,6.16
WZ_llqq,FS1,0.0008916583865043833,99.362,0.36,0.277,0.003,16.106,16.149,11.517,11.359,5.648
WZ_llqq,FS2,0.001969137229477161,99.782,0.118,0.096,0.005,17.612,17.635,11.165,11.517,6.16
WZ_llqq,FT0,2.4115573091403166,0.0,0.115,0.149,99.736,11.813,8.288,10.002,9.734,11.819
WZ_llqq,FT1,5.427828005547412,0.0,0.033,0.042,99.925,14.634,10.947,10.932,11.02,14.638
WZ_llqq,FT2,0.6439579614760382,0.0,0.047,0.062,99.89,14.139,10.213,9.943,10.061,14.145
WZ_llqq,FT2odd,1.5550837731432532,0.0,0.111,0.124,99.764,11.483,9.846,11.098,11.98,11.483
WZ_llqq,FT3,1.1701844744777457,0.0,0.044,0.057,99.898,14.315,10.213,11.356,11.763,14.318
WZ_llqq,FT3odd,1.55694801938805,0.0,0.119,0.14,99.74,11.474,9.827,12.543,9.411,11.476
WZ_llqq,FT4,0.1091562628447886,0.001,0.069,0.095,99.835,12.336,9.033,10.661,11.39,12.339
WZ_llqq,FT4odd,0.9474351946736344,0.0,0.057,0.069,99.874,12.499,9.892,11.021,9.85,12.502
WZ_llqq,FT5,0.4099989027336719,0.0,0.103,0.142,99.754,11.562,10.529,10.71,10.69,11.564
WZ_llqq,FT5odd,27.31333188437141,0.0,0.096,0.118,99.785,12.286,10.712,12.35,11.545,12.287
WZ_llqq,FT6,0.4327074174206062,0.001,0.055,0.072,99.872,12.546,8.499,10.115,10.214,12.55
WZ_llqq,FT6odd,54.80023586332312,0.0,0.036,0.041,99.923,14.325,12.043,12.59,11.773,14.327
WZ_vvqq,FM0,0.06970215041503595,0.313,46.45,52.783,0.249,27.62,17.779,26.668,28.525,23.135
WZ_vvqq,FM1,0.02782568965703748,0.144,56.415,43.652,0.315,31.285,22.826,35.922,27.166,24.767
WZ_vvqq,FM1odd,0.021674051936791384,0.134,99.681,0.001,0.179,26.621,27.5,26.633,13.549,20.329
WZ_vvqq,FM2,0.021603900212656242,0.317,99.444,0.001,0.23,25.512,16.398,25.558,14.818,24.686
WZ_vvqq,FM2odd,0.08522306730857476,86.51,6.64,5.525,1.139,34.967,36.397,26.569,27.677,34.027
WZ_vvqq,FM3,0.009056199800308883,0.122,99.634,0.001,0.239,33.124,19.461,33.177,11.236,25.102
WZ_vvqq,FM3odd,0.017327611271685823,45.892,34.767,18.606,0.746,31.587,30.814,33.01,31.212,27.404
WZ_vvqq,FM4,0.08637640750812528,86.38,6.526,5.688,1.186,34.871,36.263,26.355,27.756,35.819
WZ_vvqq,FM4odd,0.05186723581246932,52.455,30.704,15.968,0.745,34.552,36.092,36.037,28.271,31.065
WZ_vvqq,FM5,0.04735624685054526,55.169,26.752,17.192,0.809,33.759,35.545,35.277,27.382,33.89
WZ_vvqq,FM5odd,0.2746975281356038,0.136,46.406,53.047,0.213,28.957,33.666,27.57,30.212,20.744
WZ_vvqq,FM6odd,0.1598592207940047,75.562,9.116,14.593,0.75,32.936,32.675,34.272,33.957,26.928
WZ_vvqq,FM7,0.016935806555821345,45.316,28.218,26.034,0.554,31.936,32.003,35.683,28.798,27.144
WZ_vvqq,FM8,0.017549894938006655,46.313,33.878,18.95,0.864,31.343,30.732,32.406,31.176,28.563
WZ_vvqq,FM9,0.16042824603841588,21.955,25.059,52.037,0.831,31.838,32.615,40.246,28.647,29.034
WZ_vvqq,FS0,0.004044093299863308,99.754,0.135,0.101,0.005,38.513,38.552,27.943,26.687,15.718
WZ_vvqq,FS1,0.0018312333201819279,99.264,0.423,0.303,0.003,35.131,35.19,29.569,27.11,14.735
WZ_vvqq,FS2,0.004044093299863308,99.754,0.135,0.101,0.005,38.513,38.552,27.943,26.687,15.718
WZ_vvqq,FT0,4.9300498857473745,0.0,0.124,0.145,99.726,30.181,18.52,27.542,23.888,30.195
WZ_vvqq,FT1,11.140710761702783,0.0,0.04,0.038,99.92,34.205,25.277,30.769,23.678,34.212
WZ_vvqq,FT2,1.321038476499091,0.0,0.056,0.06,99.881,33.628,23.636,27.955,23.029,33.64
WZ_vvqq,FT2odd,3.200576937982012,0.0,0.121,0.116,99.763,28.691,22.641,30.522,27.742,28.69
WZ_vvqq,FT3,2.4032247827189237,0.0,0.054,0.051,99.893,33.807,23.344,32.678,25.072,33.813
WZ_vvqq,FT3odd,3.2048365160676617,0.0,0.125,0.144,99.728,28.677,24.968,32.589,24.243,28.679
WZ_vvqq,FT4,0.221670134002745,0.001,0.088,0.081,99.83,30.048,21.015,32.78,23.773,30.052
WZ_vvqq,FT4odd,1.98904740808257,0.0,0.067,0.067,99.865,29.901,23.818,31.842,23.344,29.905
WZ_vvqq,FT5,0.8146780981318607,0.0,0.12,0.138,99.74,29.026,20.383,31.211,25.086,29.03
WZ_vvqq,FT5odd,56.01342513105036,0.0,0.104,0.114,99.782,29.734,26.07,32.176,26.927,29.735
WZ_vvqq,FT6,0.8779998681081004,0.001,0.071,0.065,99.863,30.339,22.491,31.154,22.443,30.345
WZ_vvqq,FT6odd,113.25685293861763,0.0,0.04,0.04,99.92,34.1,28.707,33.58,26.891,34.104
ZZ_llqq,FM0,0.215717411963619,94.257,2.421,2.575,0.735,24.581,25.251,16.254,17.122,20.45
ZZ_llqq,FM1,0.019623490289962114,72.419,11.563,15.204,0.691,21.867,23.553,16.174,20.314,19.754
ZZ_llqq,FM1odd,0.10704541198614932,92.208,3.486,3.742,0.552,20.926,21.417,15.764,16.649,20.123
ZZ_llqq,FM2,0.10645514302793652,92.663,3.254,3.53,0.545,22.109,22.77,15.318,16.47,20.299
ZZ_llqq,FM2odd,0.016271891711997676,75.502,10.564,10.737,3.199,20.507,22.163,16.213,16.267,20.241
ZZ_llqq,FM3,0.010440898391085267,65.298,14.975,19.126,0.461,20.189,21.87,15.85,19.159,18.996
ZZ_llqq,FM3odd,0.0009686936055882315,0.02,47.603,52.253,0.118,20.144,13.044,19.421,20.93,7.832
ZZ_llqq,FM4,0.01633447572914779,75.539,10.276,10.979,3.182,21.267,23.294,15.708,16.92,20.383
ZZ_llqq,FM4odd,0.012082786061563773,35.078,32.28,31.518,1.132,20.278,22.386,19.509,19.081,19.499
ZZ_llqq,FM5,0.011088276812345779,37.538,27.239,33.649,1.51,19.471,22.064,16.456,19.761,19.756
ZZ_llqq,FM5odd,0.8313927368037185,94.015,2.573,2.667,0.738,24.528,25.19,16.7,17.29,20.304
ZZ_llqq,FM6odd,0.013563484272471348,0.011,48.151,51.755,0.075,20.328,10.041,19.816,20.867,9.245
ZZ_llqq,FM7,0.005821501539549111,61.823,16.709,20.801,0.59,21.609,23.553,17.149,20.857,18.836
ZZ_llqq,FM8,0.0010005264608207052,0.012,47.051,52.861,0.104,19.968,8.605,18.766,21.233,10.506
ZZ_llqq,FM9,0.04236775986712291,13.327,41.385,46.434,0.063,16.886,9.82,18.091,20.447,9.889
ZZ_llqq,FS0,0.00142948671021612,99.568,0.21,0.216,0.006,26.574,26.662,14.917,15.477,10.382
ZZ_llqq,FS1,0.0023735195192992518,99.61,0.184,0.2,0.007,26.316,26.394,14.604,15.859,9.394
ZZ_llqq,FS2,0.00142948671021612,99.568,0.21,0.216,0.006,26.574,26.662,14.917,15.477,10.382
ZZ_llqq,FT0,5.347234225271312,0.001,0.084,0.088,99.827,20.045,16.28,15.757,16.388,20.053
ZZ_llqq,FT1,3.372467267174376,0.001,0.104,0.108,99.788,19.137,16.138,14.404,14.942,19.149
ZZ_llqq,FT2,0.8106368026050584,0.001,0.099,0.102,99.799,19.67,15.273,14.639,15.111,19.683
ZZ_llqq,FT2odd,3.246824215726561,0.0,0.096,0.1,99.803,18.816,13.805,16.057,16.632,18.822
ZZ_llqq,FT3,0.7566511079301859,0.001,0.109,0.111,99.779,19.526,15.14,14.276,14.494,19.541
ZZ_llqq,FT3odd,3.250836699050436,0.0,0.1,0.106,99.793,18.847,16.556,15.649,16.335,18.854
ZZ_llqq,FT4,0.10052411363736127,0.001,0.154,0.157,99.689,17.498,11.62,13.739,13.976,17.512
ZZ_llqq,FT4odd,0.7708581792262812,0.0,0.142,0.148,99.71,17.759,14.21,14.095,14.78,17.771
ZZ_llqq,FT5,0.8592225284989329,0.001,0.106,0.108,99.786,18.479,13.598,15.034,15.238,18.488
ZZ_llqq,FT5odd,52.882188266359904,0.0,0.082,0.084,99.833,19.811,18.153,16.654,16.935,19.817
ZZ_llqq,FT6,0.3550999637546852,0.001,0.162,0.166,99.671,16.75,12.137,13.306,13.595,16.764
ZZ_llqq,FT6odd,38.04324355494521,0.0,0.094,0.096,99.81,19.121,18.611,15.882,16.383,19.127
ZZ_llqq,FT1odd,0.876857242717061,0.0,0.084,0.087,99.828,17.385,14.712,14.766,15.381,17.39
ZZ_vvqq,FM0,0.42737020682694143,93.716,2.548,2.915,0.813,37.583,38.396,25.931,29.68,34.63
ZZ_vvqq,FM1,0.03841116689287866,71.396,12.101,15.733,0.764,34.463,36.168,27.38,33.967,34.037
ZZ_vvqq,FM1odd,0.21181576249787845,91.716,3.573,4.104,0.605,32.547,33.135,25.128,28.376,34.224
ZZ_vvqq,FM2,0.21084861169066726,91.788,3.561,4.039,0.615,33.089,33.758,25.009,28.28,34.29
ZZ_vvqq,FM2odd,0.03252241142126782,73.918,10.702,11.987,3.426,32.333,34.104,26.031,28.895,34.438
ZZ_vvqq,FM3,0.020401885763087324,63.674,15.517,20.301,0.519,31.87,33.213,26.399,32.892,33.328
ZZ_vvqq,FM3odd,0.0019290602976308072,0.017,47.445,52.257,0.272,33.825,18.81,32.369,35.34,24.676
ZZ_vvqq,FM4,0.032533827077329304,72.649,11.225,12.563,3.536,32.209,34.118,25.406,29.139,34.495
ZZ_vvqq,FM4odd,0.023856788997681896,34.062,31.22,33.535,1.206,32.629,34.641,30.746,32.566,33.234
ZZ_vvqq,FM5,0.0217819720267215,35.464,28.502,34.385,1.617,31.474,33.42,27.751,33.021,33.915
ZZ_vvqq,FM5odd,1.6455607185592027,93.689,2.587,2.917,0.802,38.372,39.274,26.231,29.566,34.511
ZZ_vvqq,FM6odd,0.027000082433706815,0.011,47.292,52.542,0.146,33.427,15.18,31.856,35.012,25.865
ZZ_vvqq,FM7,0.011462054191526565,60.094,17.843,21.384,0.644,34.359,36.189,29.143,34.613,32.531
ZZ_vvqq,FM8,0.0020286474518976315,0.019,47.148,52.747,0.088,32.726,23.313,30.555,35.028,14.817
ZZ_vvqq,FM9,0.08403064391612611,9.604,42.914,49.122,0.054,26.759,11.23,29.637,34.356,13.43
ZZ_vvqq,FS0,0.0028312273919907315,99.539,0.205,0.249,0.006,40.082,40.203,22.008,26.869,16.7
ZZ_vvqq,FS1,0.004700969537134585,99.578,0.185,0.231,0.008,39.385,39.488,21.929,27.442,15.234
ZZ_vvqq,FS2,0.0028312273919907315,99.539,0.205,0.249,0.006,40.082,40.203,22.008,26.869,16.7
ZZ_vvqq,FT0,10.590758439544969,0.001,0.077,0.089,99.833,33.353,24.372,23.979,27.613,33.369
ZZ_vvqq,FT1,6.6794881006132645,0.001,0.096,0.111,99.792,31.862,23.297,22.133,25.726,31.884
ZZ_vvqq,FT2,1.6055431088836596,0.001,0.091,0.105,99.804,32.765,22.476,22.328,25.912,32.788
ZZ_vvqq,FT2odd,6.430477150060484,0.0,0.087,0.102,99.81,31.001,21.249,24.045,28.647,31.012
ZZ_vvqq,FT3,1.4986272457582313,0.0,0.1,0.115,99.785,32.589,21.947,21.657,24.968,32.617
ZZ_vvqq,FT3odd,6.438354029192534,0.0,0.091,0.106,99.802,30.994,24.946,23.498,27.603,31.008
ZZ_vvqq,FT4,0.1990993573011335,0.001,0.135,0.156,99.707,30.214,17.1,20.799,24.051,30.245
ZZ_vvqq,FT4odd,1.526722314053354,0.0,0.128,0.152,99.72,29.462,21.434,21.122,25.47,29.484
ZZ_vvqq,FT5,1.7017710941232105,0.001,0.095,0.111,99.793,31.046,19.723,22.689,26.272,31.064
ZZ_vvqq,FT5odd,104.73785833854066,0.0,0.075,0.087,99.837,32.87,27.251,25.26,29.199,32.882
ZZ_vvqq,FT6,0.7033043331000846,0.001,0.139,0.164,99.695,29.436,18.061,20.105,23.64,29.467
ZZ_vvqq,FT6odd,75.34810315329678,0.0,0.086,0.099,99.815,31.942,28.2,24.292,28.258,31.954
ZZ_vvqq,FT1odd,1.7366467526039397,0.0,0.08,0.094,99.826,28.068,23.058,22.602,27.503,28.074
osWW_lvqq,FM0,1.322199190436533,95.75,1.597,1.495,1.152,23.648,24.111,18.008,14.036,18.497
osWW_lvqq,FM1,0.10581498085775741,82.25,7.306,9.325,1.17,22.214,23.464,17.8,17.87,18.283
osWW_lvqq,FM1odd,0.6000598065363115,99.902,0.054,0.042,0.001,21.261,21.27,16.382,13.523,8.701
osWW_lvqq,FM2,0.6104031082634565,99.927,0.04,0.032,0.001,21.501,21.512,13.469,11.606,7.644
osWW_lvqq,FM2odd,0.08090887219532124,91.293,4.687,4.026,0.015,20.698,21.295,17.149,14.933,11.712
osWW_lvqq,FM3,0.04033535466033147,99.779,0.111,0.11,0.002,21.523,21.557,12.478,13.117,7.192
osWW_lvqq,FM3odd,0.01103964053038483,55.415,23.074,21.346,0.179,19.557,19.164,20.746,19.44,15.984
osWW_lvqq,FM4,0.08102546300440232,91.781,4.468,3.704,0.015,20.33,20.967,16.822,13.499,9.431
osWW_lvqq,FM4odd,0.03917134070666353,65.581,17.143,17.325,0.035,20.046,21.23,18.103,18.23,16.579
osWW_lvqq,FM5,0.0379971033867924,66.767,16.121,17.058,0.036,19.932,21.434,16.946,18.021,8.689
osWW_lvqq,FM5odd,5.2131172122736125,95.946,1.649,1.226,1.14,24.496,25.149,18.274,10.607,18.562
osWW_lvqq,FM6odd,0.1907263129757113,46.111,30.955,22.065,0.62,17.631,19.585,19.888,12.865,13.528
osWW_lvqq,FM7,0.034383715908110096,78.951,9.166,10.769,1.08,20.274,21.018,18.381,17.471,17.758
osWW_lvqq,FM8,0.011064993978990875,57.259,22.625,19.897,0.223,18.343,18.01,20.152,17.599,11.563
osWW_lvqq,FM9,0.17593614816023004,13.98,39.277,46.549,0.816,17.424,10.462,18.722,20.684,14.963
osWW_lvqq,FS0,0.006108036336594428,99.467,0.272,0.251,0.002,21.708,21.773,14.52,13.193,5.979
osWW_lvqq,FS1,0.015533946771346131,99.835,0.084,0.077,0.003,24.423,24.458,14.21,12.175,6.742
osWW_lvqq,FS2,0.013120911006458945,99.829,0.088,0.079,0.003,24.062,24.099,13.881,11.804,6.676
osWW_lvqq,FT0,50.150802020886545,0.0,,,100.0,18.748,13.954,,,18.748
osWW_lvqq,FT1,18.277331990311104,0.0,,,100.0,17.78,12.73,,,17.78
osWW_lvqq,FT2,5.876940979958481,0.0,,,100.0,18.566,12.765,,,18.566
osWW_lvqq,FT2odd,19.484611259947464,0.0,0.028,0.031,99.941,16.02,10.461,14.074,14.966,16.021
osWW_lvqq,FT3,4.815936214944232,0.0,,,100.0,18.358,12.171,,,18.358
osWW_lvqq,FT3odd,19.670801296374233,0.0,0.029,0.031,99.94,15.772,42.391,14.558,14.845,15.773
osWW_lvqq,FT4,0.22446155604336673,0.0,,,100.0,16.196,10.713,,,16.196
osWW_lvqq,FT4odd,1.2432356939914626,0.0,0.061,0.092,99.847,12.977,13.108,11.615,15.439,12.976
osWW_lvqq,FT5,4.964997262094038,0.0,,,100.0,16.762,11.282,,,16.762
osWW_lvqq,FT5odd,470.86788549856203,0.0,0.038,0.034,99.928,17.481,16.144,15.715,15.028,17.483
osWW_lvqq,FT6,0.4957672027215979,0.0,,,100.0,13.768,10.713,,,13.768
osWW_lvqq,FT6odd,218.30097136504264,0.0,0.052,0.047,99.9,16.455,17.206,15.131,13.089,16.458
ssWW_lvqq,FM0,0.1376968848536811,0.108,49.073,50.747,0.074,16.438,9.656,16.245,16.671,9.932
ssWW_lvqq,FM1,0.056223962631684436,0.042,48.343,51.575,0.052,18.678,9.889,18.122,19.273,8.657
ssWW_lvqq,FM5odd,0.5407275413308202,0.035,49.373,50.528,0.064,16.817,16.877,16.64,17.005,10.956
ssWW_lvqq,FM6odd,0.0729235175994591,0.013,50.143,49.787,0.057,20.87,9.891,20.833,20.943,9.413
ssWW_lvqq,FM9,0.16900698039231182,0.007,48.554,51.409,0.038,19.914,16.815,19.38,20.474,7.583
ssWW_lvqq,FS0,0.018879438341500975,99.738,0.126,0.133,0.004,24.731,24.781,13.856,14.655,6.903
ssWW_lvqq,FS1,0.002323185301165211,99.523,0.229,0.244,0.003,21.937,22.023,11.671,12.581,7.62
ssWW_lvqq,FS2,0.002323185301165211,99.523,0.229,0.244,0.003,21.937,22.023,11.671,12.581,7.62
ssWW_lvqq,FT0,5.982856448105758,0.0,0.174,0.184,99.643,16.932,11.326,11.34,12.026,16.959
ssWW_lvqq,FT1,24.299300675980017,0.0,0.054,0.055,99.891,20.365,15.486,15.06,15.313,20.372
ssWW_lvqq,FT2,2.7705906543818704,0.0,0.077,0.083,99.84,19.887,13.746,12.388,13.362,19.904
ssWW_lvqq,FT5odd,72.7531081521981,0.0,0.118,0.122,99.76,18.247,16.945,13.662,14.089,18.261
ssWW_lvqq,FT6odd,244.26775251984904,0.0,0.057,0.056,99.888,21.042,18.238,17.474,17.185,21.047
